step,time,shoulder_pan.pos,shoulder_lift.pos,elbow_flex.pos,wrist_flex.pos,wrist_roll.pos,gripper.pos
0,0.000,-19.66046142578125,-95.89775848388672,97.2105941772461,71.93656921386719,-61.874053955078125,0.47645044326782227
1,0.077,-24.592952728271484,-84.6769790649414,84.52896118164062,73.66531372070312,-61.808921813964844,1.7804627418518066
2,0.188,-22.760141372680664,-91.4432144165039,93.93212890625,71.0266342163086,-62.648658752441406,0.9760308265686035
3,0.265,-22.734020233154297,-91.04762268066406,92.42338562011719,71.9618911743164,-62.0618782043457,1.4156584739685059
4,0.416,-21.70067596435547,-92.98030853271484,94.52129364013672,71.69296264648438,-62.05317687988281,1.5267987251281738
5,0.453,-20.14774513244629,-95.10643768310547,95.77347564697266,73.07503509521484,-61.704402923583984,0.4652528762817383
6,0.568,-20.358325958251953,-95.45230865478516,96.2607192993164,72.62318420410156,-61.65989685058594,0.41167688369750977
7,0.681,-19.920063018798828,-95.68603515625,96.10047149658203,73.0860595703125,-61.662784576416016,0.3728303909301758
8,0.757,-19.59367561340332,-95.25897216796875,96.04867553710938,72.74182891845703,-61.76637649536133,0.2404789924621582
9,0.868,-19.765670776367188,-95.28096008300781,96.27953338623047,72.81649780273438,-61.75392150878906,0.16607427597045898
10,0.981,-24.366607666015625,-92.14787292480469,89.10786437988281,70.69486999511719,-63.36912536621094,1.2684764862060547
11,1.057,-24.69420051574707,-91.51227569580078,88.3801040649414,69.77729034423828,-63.98278045654297,1.3785490989685059
12,1.169,-27.164854049682617,-86.92320251464844,84.5696029663086,67.92916870117188,-65.08040618896484,3.729484796524048
13,1.245,-30.20073127746582,-70.74992370605469,67.40003967285156,65.62409973144531,-65.7774429321289,5.856753349304199
14,1.473,-31.378501892089844,-70.22478485107422,69.7800064086914,64.40037536621094,-67.9780502319336,19.35198211669922
15,1.545,-31.028427124023438,-82.50239562988281,83.42243194580078,59.20859909057617,-65.56696319580078,15.282425880432129
16,1.661,-30.83142852783203,-86.33714294433594,86.75460815429688,60.26313781738281,-65.07658386230469,13.66693115234375
17,1.772,-29.468994140625,-94.82532501220703,91.63806915283203,67.61524963378906,-62.577476501464844,3.1118433475494385
18,1.961,-28.801494598388672,-79.5145034790039,78.73643493652344,65.94708251953125,-62.71739959716797,6.974678039550781
19,2.072,-30.813051223754883,-77.4731216430664,75.70441436767578,62.374000549316406,-61.68256378173828,9.275465965270996
20,2.149,-31.19109344482422,-68.66193389892578,67.94685363769531,64.41571044921875,-60.71675109863281,8.766674995422363
21,2.260,-33.79180145263672,-58.94697570800781,59.40715789794922,61.9658203125,-62.702823638916016,9.458714485168457
22,2.337,-35.58447265625,-54.20839309692383,62.35966491699219,52.446407318115234,-63.98213577270508,7.4482526779174805
23,2.449,-37.50956726074219,-56.611915588378906,64.94673156738281,51.75064468383789,-63.01253890991211,6.319661617279053
24,2.565,-39.06612014770508,-58.96376037597656,68.11737060546875,50.48947525024414,-63.74074935913086,25.399559020996094
25,2.637,-41.87345504760742,-56.198246002197266,68.61262512207031,45.8722038269043,-64.59292602539062,29.894622802734375
26,2.752,-43.88408660888672,-55.2994384765625,69.17893981933594,39.65593338012695,-65.19381713867188,36.533302307128906
27,2.940,-42.22834777832031,-47.04252624511719,66.7897720336914,32.76380920410156,-62.9959716796875,40.6436767578125
28,3.053,-41.70513916015625,-41.805335998535156,61.83445739746094,37.17481231689453,-62.6104736328125,38.92344665527344
29,3.129,-41.65541076660156,-40.27507781982422,60.3375244140625,39.77980041503906,-62.79227828979492,37.307151794433594
30,3.241,-39.30779266357422,-41.04381561279297,56.678253173828125,50.24665451049805,-62.74774932861328,34.525917053222656
31,3.392,-40.13904571533203,-39.402339935302734,56.728031158447266,45.75726318359375,-62.72288513183594,33.978172302246094
32,3.429,-40.5629768371582,-39.25376892089844,57.46160125732422,41.969825744628906,-62.71958923339844,34.19737243652344
33,3.548,-41.31404113769531,-38.857017517089844,56.500038146972656,44.61064910888672,-62.641754150390625,33.36833572387695
34,3.632,-42.51176071166992,-38.042701721191406,55.60734939575195,46.134254455566406,-62.58931350708008,32.901458740234375
35,3.756,-43.3992919921875,-34.97542953491211,55.49459457397461,44.79419708251953,-62.941802978515625,31.516559600830078
36,3.920,-42.86070251464844,-26.391643524169922,49.307193756103516,43.82805633544922,-61.934940338134766,32.40024948120117
37,3.922,-42.131431579589844,-26.71133041381836,52.03421401977539,41.56695556640625,-62.32444763183594,32.05463409423828
38,4.048,-43.54481887817383,-27.985748291015625,52.71908950805664,42.09987258911133,-62.48218536376953,32.29827880859375
39,4.128,-45.46696472167969,-24.785484313964844,51.61652374267578,40.533409118652344,-62.55357360839844,32.52928161621094
40,4.236,-45.08477783203125,-21.33893585205078,48.07748794555664,43.518741607666016,-61.28852081298828,32.808837890625
41,4.504,-43.53517150878906,-19.835811614990234,49.64575958251953,41.72178649902344,-61.442588806152344,31.77316665649414
42,4.505,-43.270809173583984,-19.737045288085938,50.40861892700195,40.28399658203125,-61.79296112060547,31.44567108154297
43,4.636,-43.608787536621094,-20.09237289428711,50.73930740356445,40.782135009765625,-61.970462799072266,31.5126895904541
44,4.768,-43.79589080810547,-18.06716537475586,48.95841598510742,40.23615264892578,-61.876224517822266,31.762115478515625
45,5.031,-43.69532775878906,-16.497966766357422,44.58742141723633,43.53508377075195,-62.27964782714844,31.580833435058594
46,5.033,-43.31611251831055,-16.727249145507812,45.56878662109375,42.962100982666016,-62.067317962646484,31.4133243560791
47,5.168,-44.74085998535156,-12.516315460205078,37.61839294433594,44.71846008300781,-62.36009216308594,31.856136322021484
48,5.232,-44.39002990722656,-14.41396713256836,43.212867736816406,41.61573791503906,-62.5495719909668,31.673009872436523
49,5.632,-45.97942352294922,-8.685932159423828,42.04212188720703,34.51062774658203,-62.62309265136719,30.69823455810547
50,5.633,-45.45661163330078,-9.521472930908203,43.632930755615234,33.18145751953125,-62.337642669677734,31.038570404052734
51,5.764,-46.172149658203125,-9.617721557617188,44.83290100097656,30.502159118652344,-62.24843978881836,31.070363998413086
52,5.832,-45.86548614501953,-8.873039245605469,45.49272155761719,29.630043029785156,-61.92207336425781,31.132692337036133
53,6.164,-44.0045280456543,-7.295291900634766,41.43622970581055,33.1064453125,-62.06652069091797,30.6322021484375
54,6.165,-43.83201599121094,-7.153114318847656,41.78907012939453,33.36441421508789,-62.00727844238281,30.833105087280273
55,6.296,-43.7762451171875,-6.866668701171875,40.963443756103516,34.61857604980469,-61.912174224853516,30.90900421142578
56,6.428,-44.09294891357422,-7.291675567626953,41.01718521118164,35.365989685058594,-61.98194122314453,30.86922836303711
57,6.628,-45.175086975097656,-8.688056945800781,42.37655258178711,31.935705184936523,-61.35700988769531,32.24552917480469
58,6.692,-44.99873352050781,-8.358226776123047,41.85959243774414,32.06593704223633,-60.91810989379883,32.04790496826172
59,6.760,-44.9105339050293,-7.5210418701171875,42.03196334838867,32.1517333984375,-61.46372604370117,31.634782791137695
60,6.892,-44.872650146484375,-6.668701171875,42.04996109008789,32.0282096862793,-61.42012405395508,31.52001190185547
61,7.092,-43.837005615234375,-3.9397201538085938,36.15576934814453,33.65541076660156,-60.408058166503906,32.05736541748047
62,7.157,-44.004852294921875,-3.488494873046875,35.568321228027344,34.43062210083008,-60.65822219848633,32.479591369628906
63,7.292,-44.30341720581055,-4.317863464355469,37.253273010253906,33.87019348144531,-61.12867736816406,31.725187301635742
64,7.356,-43.94708251953125,-4.9338226318359375,38.4227294921875,33.286659240722656,-60.88100814819336,31.84514617919922
65,7.624,-44.21656036376953,-2.977203369140625,37.876243591308594,33.69654083251953,-61.051292419433594,30.409910202026367
66,7.625,-43.925594329833984,-2.8555068969726562,38.02130889892578,34.198883056640625,-61.00474166870117,30.122642517089844
67,7.756,-44.400386810302734,-2.5578231811523438,38.538818359375,33.51109313964844,-61.078914642333984,30.17812728881836
68,7.888,-44.29143524169922,-3.6513214111328125,40.16939926147461,33.16123580932617,-61.0924072265625,30.262771606445312
69,7.956,-44.14674377441406,-3.873748779296875,40.51982116699219,32.31584548950195,-61.09770584106445,30.310985565185547
70,8.152,-44.023094177246094,-2.8160324096679688,36.90681076049805,32.324119567871094,-61.12514114379883,30.397483825683594
71,8.152,-43.571651458740234,-1.9609222412109375,36.14162063598633,32.43391418457031,-60.88549041748047,30.687013626098633
72,8.288,-43.81265640258789,-2.036468505859375,36.126949310302734,33.19207000732422,-61.017452239990234,30.76739501953125
73,8.352,-43.66484069824219,-1.5554656982421875,35.72789764404297,34.135650634765625,-60.89836883544922,30.273536682128906
74,8.620,-42.67461013793945,-4.5156707763671875,37.09430694580078,37.43415069580078,-60.50484848022461,29.213165283203125
75,8.684,-42.40882873535156,-4.950202941894531,37.189659118652344,36.958213806152344,-60.34135055541992,29.19733428955078
76,8.752,-42.50847244262695,-4.179832458496094,37.75837326049805,35.55675506591797,-60.43256759643555,28.93210792541504
77,8.884,-43.006290435791016,-2.9802703857421875,37.95983123779297,33.37763214111328,-60.460445404052734,28.79252052307129
78,9.147,-42.67704391479492,-5.892616271972656,39.05085372924805,34.571624755859375,-60.24043273925781,29.72408103942871
79,9.148,-42.479610443115234,-4.0438385009765625,38.05016326904297,34.57429885864258,-60.22676086425781,29.750211715698242
80,9.280,-42.876808166503906,-3.6799392700195312,37.448211669921875,34.597267150878906,-60.15800094604492,30.186803817749023
81,9.348,-43.10634231567383,-1.9140625,36.83664321899414,33.11653518676758,-60.77490997314453,29.86737060546875
82,9.480,-42.61465835571289,-2.40606689453125,36.967071533203125,33.51807403564453,-60.21175765991211,29.96310806274414
83,9.680,-42.34607696533203,-2.2168045043945312,34.817195892333984,32.96179962158203,-60.57636260986328,29.474790573120117
84,9.681,-42.08952713012695,-3.36468505859375,35.62061309814453,33.73149490356445,-60.700172424316406,29.11318016052246
85,9.812,-41.73487854003906,-3.5827102661132812,36.752742767333984,32.36469268798828,-60.553829193115234,29.0074405670166
86,9.880,-41.61174774169922,-3.5579910278320312,36.071998596191406,33.170021057128906,-60.545989990234375,30.0679874420166
87,10.211,-41.579071044921875,-2.2367095947265625,34.79926681518555,33.25716018676758,-60.31406784057617,28.632856369018555
88,10.213,-41.85936737060547,-3.128814697265625,35.79736328125,32.59809875488281,-60.38825607299805,28.848400115966797
89,10.344,-41.578330993652344,-3.8108673095703125,35.541324615478516,32.55866241455078,-60.309112548828125,29.664142608642578
90,10.412,-41.66661071777344,-2.64300537109375,35.439430236816406,31.744037628173828,-60.288780212402344,29.014543533325195
91,10.743,-40.83725357055664,-0.48468017578125,33.44352722167969,33.316505432128906,-59.8933219909668,28.93518829345703
92,10.745,-40.48982238769531,-1.0852127075195312,34.7794075012207,32.163578033447266,-59.93269729614258,28.690773010253906
93,10.876,-40.461395263671875,-2.0054473876953125,34.2491569519043,33.4315185546875,-59.89762496948242,28.01940155029297
94,11.008,-40.41947937011719,-2.528167724609375,35.332454681396484,33.931724548339844,-59.89266586303711,28.453508377075195
95,11.076,-40.564125061035156,-1.765380859375,33.982303619384766,33.75856399536133,-59.63056945800781,28.844301223754883
96,11.271,-41.24019241333008,-5.22314453125,34.50790023803711,37.56349182128906,-59.578250885009766,29.132980346679688
97,11.272,-41.23643493652344,-4.4513092041015625,34.454254150390625,35.78558349609375,-59.71510696411133,28.716520309448242
98,11.403,-41.111122131347656,-5.0314178466796875,35.473426818847656,35.828887939453125,-59.77342987060547,28.293041229248047
99,11.472,-41.69300079345703,-3.4374160766601562,35.181922912597656,35.55572509765625,-60.5560417175293,28.206735610961914
100,11.803,-39.58884811401367,-6.010734558105469,38.27975845336914,33.7001953125,-59.539302825927734,2.293667793273926
101,11.804,-39.619415283203125,-5.083953857421875,37.637577056884766,32.979248046875,-59.49746322631836,0.9869937896728516
102,11.936,-38.92683410644531,-5.616180419921875,37.1413459777832,33.850894927978516,-59.55474090576172,2.627249240875244
103,12.004,-39.54832458496094,-7.14593505859375,37.15101623535156,34.649993896484375,-59.628902435302734,6.725812911987305
104,12.268,-34.97653579711914,-12.079418182373047,41.12697219848633,34.597816467285156,-58.481727600097656,1.5442085266113281
105,12.336,-31.940427780151367,-17.709754943847656,42.092430114746094,37.7631721496582,-57.94810104370117,1.8878536224365234
106,12.400,-35.059974670410156,-13.16292953491211,41.91925048828125,35.6215705871582,-59.11925506591797,0.7951159477233887
107,12.536,-33.392913818359375,-16.08205795288086,41.19574737548828,40.18035888671875,-59.332584381103516,1.0602874755859375
108,12.800,-34.931156158447266,-10.893783569335938,33.96410369873047,44.00715637207031,-59.021270751953125,3.5870580673217773
109,12.801,-35.28380584716797,-12.28726577758789,35.25360107421875,45.02396774291992,-58.83311462402344,13.576667785644531
110,12.932,-36.07508087158203,-10.616207122802734,34.418582916259766,43.30286407470703,-59.02266311645508,14.489818572998047
111,12.999,-36.91981506347656,-9.914165496826172,35.11570358276367,41.61310577392578,-59.30360794067383,14.089513778686523
112,13.132,-38.92640686035156,-9.404949188232422,34.442752838134766,40.60810089111328,-58.94159698486328,20.892925262451172
113,13.331,-36.54172897338867,-11.466350555419922,38.404727935791016,40.79316711425781,-58.71051025390625,27.77739715576172
114,13.333,-36.39933776855469,-11.95074462890625,38.362125396728516,41.808414459228516,-59.15863037109375,22.80306053161621
115,13.464,-35.839134216308594,-12.492443084716797,40.09071350097656,39.13593292236328,-59.24580764770508,24.28241539001465
116,13.532,-36.47563934326172,-13.17824935913086,41.35918045043945,36.19744110107422,-58.916011810302734,28.768878936767578
117,13.860,-37.75896453857422,-12.54458236694336,39.679481506347656,41.01361846923828,-59.3885612487793,30.123502731323242
118,13.861,-38.368446350097656,-10.231452941894531,38.04068374633789,39.78276824951172,-59.514034271240234,28.08907699584961
119,13.996,-38.52181625366211,-8.438724517822266,37.20085906982422,39.197113037109375,-59.50397872924805,25.60634422302246
120,14.060,-37.75718688964844,-8.893150329589844,37.48065185546875,38.2650146484375,-59.60142135620117,27.10507583618164
121,14.392,-38.731815338134766,-6.769313812255859,38.16929626464844,33.10400390625,-59.46428680419922,33.226539611816406
122,14.394,-38.51685333251953,-6.403949737548828,38.54161834716797,32.2672233581543,-59.62165832519531,33.037620544433594
123,14.524,-37.592384338378906,-6.668949127197266,39.59123992919922,30.547805786132812,-59.51197814941406,32.27164077758789
124,14.593,-37.368431091308594,-6.758487701416016,38.97462463378906,32.125877380371094,-59.4342041015625,33.0577278137207
125,14.924,-37.336097717285156,-6.890907287597656,37.816162109375,32.67858123779297,-59.37605285644531,27.89031410217285
126,14.926,-38.20212173461914,-6.775325775146484,38.73542404174805,33.59578323364258,-59.46845245361328,28.56064796447754
127,15.056,-37.68119812011719,-6.926338195800781,38.24764633178711,35.039817810058594,-59.39887619018555,28.0553035736084
128,15.124,-37.53352737426758,-5.654228210449219,37.880584716796875,34.517311096191406,-59.33328628540039,27.52355194091797
129,15.456,-36.61853790283203,-7.751380920410156,39.95851516723633,30.583101272583008,-59.09495544433594,1.774123191833496
130,15.457,-36.92134094238281,-6.440471649169922,39.546077728271484,30.154298782348633,-59.07474899291992,0.904965877532959
131,15.588,-36.74579620361328,-6.923847198486328,39.612770080566406,30.518695831298828,-59.09828186035156,1.1709818840026855
132,15.655,-36.00653839111328,-7.073307037353516,39.3443489074707,29.634366989135742,-59.05584716796875,1.5249614715576172
133,15.987,-33.284332275390625,-10.458385467529297,37.6711311340332,30.322437286376953,-59.088478088378906,0.7054309844970703
134,15.988,-33.72184371948242,-11.970935821533203,37.56342315673828,31.46767234802246,-59.08454895019531,2.0401430130004883
135,16.119,-34.563011169433594,-12.392402648925781,36.6378288269043,35.57980728149414,-58.61791229248047,29.817411422729492
136,16.252,-36.090492248535156,-11.281505584716797,37.247867584228516,32.9041748046875,-58.807273864746094,36.9960823059082
137,16.516,-37.299400329589844,-19.51921844482422,41.8056526184082,36.67914581298828,-58.982337951660156,11.211627960205078
138,16.517,-36.60368347167969,-18.79385757446289,40.327213287353516,38.40138244628906,-58.575523376464844,2.2524185180664062
139,16.648,-33.50815200805664,-20.443252563476562,38.726173400878906,38.19419860839844,-57.096683502197266,0.32225847244262695
140,16.716,-34.10082244873047,-16.54877471923828,40.36871337890625,35.71723175048828,-58.679718017578125,1.0977520942687988
141,17.047,-34.0506706237793,-11.216419219970703,36.152931213378906,33.39939880371094,-58.3248405456543,1.1195664405822754
142,17.048,-33.36696243286133,-9.582550048828125,30.284725189208984,37.894256591796875,-58.40578842163086,1.9440031051635742
143,17.180,-35.64889907836914,-11.409889221191406,34.312007904052734,35.705936431884766,-58.451725006103516,32.05378341674805
144,17.248,-35.58102798461914,-11.86294174194336,35.23171615600586,36.0201416015625,-58.43132781982422,37.022308349609375
145,17.579,-35.567283630371094,-10.28781509399414,35.58284378051758,33.38395690917969,-58.73894500732422,44.1639404296875
146,17.581,-36.88731002807617,-12.243804931640625,35.78865432739258,35.902809143066406,-59.486785888671875,42.94281768798828
147,17.712,-39.78392791748047,-14.151935577392578,37.7110710144043,33.907432556152344,-59.64339065551758,38.72631072998047
148,17.780,-39.577388763427734,-14.328372955322266,38.28281784057617,33.863136291503906,-59.43088912963867,37.63335418701172
149,17.912,-38.828582763671875,-15.1749267578125,38.98748779296875,34.25361633300781,-59.41015625,33.08856201171875
150,18.111,-38.14752197265625,-11.039924621582031,39.13792419433594,34.95109939575195,-58.93429946899414,36.52965545654297
151,18.113,-37.97663879394531,-9.574947357177734,38.5780143737793,33.936561584472656,-58.833248138427734,37.41325759887695
152,18.244,-38.39897537231445,-8.243644714355469,38.467384338378906,32.61532974243164,-58.639095306396484,38.21525955200195
153,18.376,-38.6562385559082,-8.651546478271484,40.528167724609375,31.42707061767578,-58.72663879394531,37.477508544921875
154,18.640,-38.52939987182617,-8.176948547363281,36.045047760009766,34.12461471557617,-59.183067321777344,39.780860900878906
155,18.708,-38.86628723144531,-9.607040405273438,36.67206573486328,33.566184997558594,-59.23699188232422,38.35955047607422
156,18.776,-39.44166564941406,-8.659957885742188,37.38515853881836,31.516393661499023,-59.617027282714844,38.123497009277344
157,18.840,-38.98072052001953,-8.365234375,36.50934982299805,32.41152572631836,-59.61082458496094,37.93901062011719
158,19.172,-41.0888557434082,-8.209327697753906,38.50828552246094,33.506690979003906,-61.42646026611328,35.550323486328125
159,19.173,-40.253326416015625,-9.506114959716797,40.088138580322266,31.771366119384766,-61.178348541259766,34.412261962890625
160,19.304,-39.165061950683594,-11.540523529052734,40.79349899291992,31.70746421813965,-60.243804931640625,9.220139503479004
161,19.372,-38.9819221496582,-10.022197723388672,40.296669006347656,30.51447296142578,-59.659934997558594,1.9722952842712402
162,19.704,-36.4346923828125,-12.370372772216797,38.56088638305664,32.43620300292969,-58.73442459106445,29.349843978881836
163,19.705,-37.48567199707031,-9.071426391601562,38.54433822631836,30.068593978881836,-59.318695068359375,38.244361877441406
164,19.836,-37.73826599121094,-11.252166748046875,37.935760498046875,31.936630249023438,-58.91325759887695,46.50178527832031
165,19.903,-38.33084487915039,-9.944721221923828,37.047821044921875,31.54990577697754,-59.10298156738281,49.726768493652344
166,20.236,-40.345611572265625,-9.21478271484375,38.46806716918945,31.419715881347656,-59.72425842285156,46.88346862792969
167,20.237,-40.02701950073242,-9.709308624267578,38.261653900146484,32.34013366699219,-59.845401763916016,44.36711883544922
168,20.368,-39.90397262573242,-9.174800872802734,37.98908233642578,32.948524475097656,-59.810035705566406,43.13666534423828
169,20.500,-40.023712158203125,-14.1341552734375,40.30754852294922,33.52159118652344,-59.824851989746094,26.32207679748535
170,20.764,-37.51655578613281,-11.742706298828125,38.3895263671875,30.734418869018555,-59.01539611816406,13.694562911987305
171,20.765,-37.32936096191406,-8.88519287109375,37.87552261352539,29.823434829711914,-59.12360382080078,2.5983338356018066
172,20.900,-36.81599807739258,-6.159934997558594,37.8476676940918,28.642446517944336,-59.0532341003418,2.235598087310791
173,20.964,-36.988624572753906,-4.818206787109375,37.70111083984375,28.854915618896484,-59.041873931884766,2.8486180305480957
174,21.295,-35.71751403808594,-12.284164428710938,39.21828079223633,29.6837158203125,-59.230926513671875,1.531425952911377
175,21.296,-35.118289947509766,-12.357780456542969,40.100040435791016,28.972854614257812,-59.22985076904297,1.4331560134887695
176,21.428,-34.62116241455078,-12.034805297851562,39.55665588378906,28.89365577697754,-59.18359375,1.386916160583496
177,21.496,-34.27710723876953,-11.468212127685547,38.900840759277344,28.82367706298828,-59.22657012939453,1.1302123069763184
178,21.827,-35.228233337402344,-4.489204406738281,35.357032775878906,28.517139434814453,-55.79706954956055,4.76162052154541
179,21.829,-34.898277282714844,-3.2426528930664062,32.68210983276367,31.832969665527344,-56.417518615722656,1.7491455078125
180,21.960,-35.851593017578125,-2.427825927734375,32.124481201171875,34.582298278808594,-57.28675079345703,2.560303211212158
181,22.028,-35.63861083984375,-3.4528884887695312,34.51410675048828,32.694068908691406,-57.99577331542969,2.377476692199707
182,22.359,-37.79833221435547,-4.656959533691406,29.254222869873047,37.62803649902344,-58.167869567871094,0.733067512512207
183,22.360,-37.673004150390625,-5.190338134765625,31.019207000732422,36.38553237915039,-58.24488067626953,0.07082986831665039
184,22.492,-37.021873474121094,-5.71990966796875,31.412830352783203,34.833213806152344,-58.17997741699219,-0.25925493240356445
185,22.624,-38.02098846435547,-4.882560729980469,31.115062713623047,34.78008270263672,-58.32264709472656,-0.13215875625610352
186,22.887,-36.21342086791992,-4.424995422363281,31.079071044921875,40.456993103027344,-59.299434661865234,22.510433197021484
187,22.889,-35.293067932128906,-4.4218597412109375,31.183143615722656,39.18866729736328,-58.604454040527344,17.159151077270508
188,23.024,-35.365028381347656,-3.4083328247070312,30.957275390625,38.97604751586914,-58.14581298828125,23.386356353759766
189,23.088,-35.32834243774414,-2.4091033935546875,31.347057342529297,38.435546875,-58.18999481201172,28.74852180480957
190,23.419,-39.4876594543457,-2.9312896728515625,31.07113265991211,37.34122848510742,-58.07159423828125,39.948028564453125
191,23.420,-39.29012680053711,-5.0384521484375,32.8637809753418,37.719444274902344,-57.94538879394531,40.311912536621094
192,23.552,-39.38706970214844,-3.9879379272460938,31.22146987915039,37.59494400024414,-57.89186096191406,40.176025390625
193,23.620,-39.045475006103516,-4.557861328125,32.104766845703125,37.69733428955078,-57.79391098022461,39.916595458984375
194,23.951,-38.506858825683594,-4.874992370605469,34.5742301940918,34.089542388916016,-57.51426696777344,42.57665252685547
195,23.952,-39.05744934082031,-5.248649597167969,33.83942794799805,35.37043380737305,-57.45524597167969,43.36479187011719
196,24.084,-39.424171447753906,-4.121772766113281,34.22028732299805,31.584672927856445,-57.5936279296875,43.433265686035156
197,24.152,-38.51023864746094,-4.20220947265625,34.425880432128906,34.00477981567383,-57.81414031982422,42.84672546386719
198,24.415,-40.19686508178711,-5.5879364013671875,32.462589263916016,39.80070877075195,-60.7336311340332,42.42853546142578
199,24.485,-39.82910919189453,-4.137489318847656,32.19565963745117,36.107017517089844,-59.855995178222656,44.11504364013672
200,24.616,-40.81962203979492,-4.47222900390625,32.84846115112305,37.681915283203125,-59.96274185180664,43.573768615722656
201,24.748,-42.45430374145508,-4.087150573730469,32.97202682495117,39.19550704956055,-61.70906066894531,43.04241943359375
202,25.011,-41.40190505981445,0.42543792724609375,31.400188446044922,36.73313903808594,-62.094696044921875,41.55548095703125
203,25.012,-41.7294921875,-2.3033447265625,32.87797546386719,36.649513244628906,-61.44397735595703,42.87017059326172
204,25.148,-42.06803894042969,-3.0393905639648438,34.295467376708984,34.53135681152344,-60.83491516113281,42.09355926513672
205,25.212,-39.38945770263672,-7.600032806396484,35.91651153564453,34.7420654296875,-58.164390563964844,40.967254638671875
206,25.543,-41.95998764038086,-1.4224624633789062,31.175155639648438,37.44352722167969,-60.669525146484375,40.52166748046875
207,25.544,-41.68931198120117,0.269500732421875,31.85708999633789,34.639312744140625,-61.10329055786133,40.44440460205078
208,25.676,-41.688690185546875,2.5274581909179688,31.567493438720703,32.608848571777344,-60.95207595825195,40.798912048339844
209,25.744,-41.30097579956055,1.216278076171875,31.51742935180664,35.04990768432617,-60.71964645385742,40.726806640625
210,26.075,-40.88862609863281,4.334419250488281,28.12905502319336,36.12016296386719,-60.11466598510742,39.806541442871094
211,26.077,-41.379150390625,3.2438125610351562,29.83132553100586,36.21226501464844,-60.69384002685547,41.396629333496094
212,26.208,-41.12689971923828,2.4240646362304688,30.572338104248047,32.48744201660156,-59.92832946777344,40.497718811035156
213,26.275,-40.68718719482422,2.9523849487304688,31.123477935791016,31.599414825439453,-59.99176025390625,40.31861877441406
214,26.607,-40.75126647949219,2.2892913818359375,31.209930419921875,35.060829162597656,-60.197296142578125,39.99705505371094
215,26.608,-41.487892150878906,2.5977249145507812,30.905017852783203,34.453163146972656,-60.25735855102539,39.89906311035156
216,26.740,-41.42959976196289,2.0702133178710938,31.863689422607422,33.27811050415039,-60.300148010253906,39.343544006347656
217,26.871,-41.24711608886719,2.4141998291015625,32.69771194458008,32.312965393066406,-60.34470748901367,39.295806884765625
218,27.136,-40.336158752441406,-0.6990203857421875,32.48345947265625,32.320472717285156,-60.122432708740234,31.051387786865234
219,27.137,-40.22032928466797,0.3640289306640625,31.764842987060547,34.59390640258789,-60.284080505371094,33.401710510253906
220,27.272,-39.93866729736328,2.3655853271484375,31.903308868408203,32.880126953125,-60.18721389770508,32.912635803222656
221,27.336,-40.13373565673828,2.1160964965820312,31.85028076171875,33.50523376464844,-60.30542755126953,37.54788589477539
222,27.668,-39.84315490722656,0.953460693359375,31.226348876953125,33.76294708251953,-59.902198791503906,29.0112247467041
223,27.669,-39.94647979736328,2.1765060424804688,31.532718658447266,34.44904327392578,-59.98316192626953,34.48288345336914
224,27.800,-40.22356414794922,3.7371139526367188,31.154014587402344,33.65951156616211,-59.975929260253906,34.70426559448242
225,27.868,-40.269248962402344,3.5800857543945312,30.977310180664062,34.284034729003906,-59.9559440612793,35.087249755859375
226,28.200,-39.81976318359375,1.2072830200195312,31.883861541748047,35.181541442871094,-59.978267669677734,34.498435974121094
227,28.201,-40.21192169189453,1.373138427734375,31.404247283935547,34.952049255371094,-59.9195442199707,34.839630126953125
228,28.332,-39.78352355957031,-0.23954010009765625,32.756160736083984,34.71961975097656,-59.87545394897461,35.25946044921875
229,28.400,-39.9139289855957,-0.20043182373046875,32.97886657714844,34.315406799316406,-59.813812255859375,35.0792121887207
230,28.665,-40.48362731933594,-2.1730880737304688,32.47909164428711,38.129676818847656,-62.26891326904297,31.220205307006836
231,28.732,-38.99327850341797,-0.2713775634765625,31.76874542236328,35.846405029296875,-60.57334518432617,31.904590606689453
232,28.864,-39.64830780029297,0.8154983520507812,31.483295440673828,36.63304901123047,-61.116329193115234,31.48065757751465
233,28.931,-39.07977294921875,0.630157470703125,31.736080169677734,36.904396057128906,-60.47868728637695,31.767778396606445
234,29.260,-39.190311431884766,-5.246696472167969,32.67594528198242,38.47835922241211,-61.254478454589844,22.76529312133789
235,29.261,-39.36149597167969,-4.259925842285156,31.747665405273438,40.45003128051758,-61.26385498046875,27.581262588500977
236,29.395,-39.276161193847656,-3.2336578369140625,32.269386291503906,38.291988372802734,-60.56838607788086,22.38986587524414
237,29.460,-39.14917755126953,-2.2015304565429688,30.896034240722656,38.42758560180664,-60.56814956665039,22.550979614257812
238,29.792,-36.52526092529297,0.71441650390625,30.177501678466797,36.92021942138672,-60.65859603881836,12.708815574645996
239,29.793,-36.373313903808594,0.69183349609375,30.30211639404297,36.59718322753906,-60.65888214111328,15.01384162902832
240,29.924,-36.48118591308594,1.6438217163085938,29.953140258789062,35.98783874511719,-60.8412971496582,18.225730895996094
241,29.992,-36.284244537353516,1.1303558349609375,30.367206573486328,35.87482833862305,-60.729087829589844,15.28285026550293
242,30.323,-35.416664123535156,-4.0223846435546875,31.470172882080078,37.85969924926758,-60.51622009277344,1.1080236434936523
243,30.324,-35.11554718017578,-4.506629943847656,31.24933624267578,37.48802947998047,-60.634666442871094,0.9751033782958984
244,30.455,-34.03435516357422,-6.244911193847656,32.14811706542969,36.84223175048828,-60.605289459228516,1.3603167533874512
245,30.524,-34.69287872314453,-5.4985198974609375,31.38370132446289,36.46783447265625,-60.519561767578125,2.2025136947631836
246,30.789,-31.64263343811035,-4.1855010986328125,29.688838958740234,43.48535919189453,-60.437171936035156,1.6704258918762207
247,30.855,-32.02255630493164,-4.123695373535156,29.832645416259766,43.45336151123047,-60.230506896972656,0.8681650161743164
248,30.920,-32.844329833984375,-5.231292724609375,31.09749984741211,44.46405792236328,-60.19791793823242,2.7974166870117188
249,31.056,-32.53410339355469,-4.3668975830078125,30.290969848632812,44.22360610961914,-60.325233459472656,1.5185070037841797
250,31.319,-34.564231872558594,-1.9622955322265625,27.944793701171875,39.61901092529297,-60.43101501464844,-0.10613775253295898
251,31.321,-34.606502532958984,-0.328369140625,27.816978454589844,36.68778991699219,-60.43589401245117,-0.10003948211669922
252,31.452,-34.7579460144043,0.22313690185546875,28.023929595947266,37.12746810913086,-60.365360260009766,-0.42227840423583984
253,31.520,-35.39744186401367,2.0997543334960938,26.89698028564453,36.808963775634766,-60.283905029296875,-0.19972467422485352
254,31.652,-35.336761474609375,1.4915695190429688,27.849353790283203,36.434471130371094,-60.1688232421875,0.0034160614013671875
255,31.851,-34.86845016479492,1.054931640625,24.907012939453125,37.13214874267578,-60.42280960083008,-0.7929902076721191
256,31.853,-35.72300720214844,2.1032867431640625,24.339622497558594,37.90538024902344,-60.2105827331543,-0.8253893852233887
257,31.984,-34.990970611572266,1.6566314697265625,24.884140014648438,36.37488555908203,-60.242103576660156,-0.7421278953552246
258,32.116,-34.768638610839844,0.71197509765625,26.080062866210938,37.21498489379883,-60.265037536621094,-0.9975509643554688
259,32.380,-33.01311492919922,-4.8782958984375,29.42440414428711,40.345375061035156,-61.88465118408203,0.9909563064575195
260,32.381,-32.64860916137695,-4.953941345214844,30.954647064208984,36.95149230957031,-60.7845458984375,0.22272729873657227
261,32.515,-32.847816467285156,-4.168205261230469,28.999771118164062,37.665260314941406,-60.28202438354492,0.059044837951660156
262,32.580,-32.79014587402344,-3.901397705078125,28.966228485107422,38.94535827636719,-60.626834869384766,0.3176608085632324
263,32.911,-33.268943786621094,-1.9850845336914062,28.461589813232422,38.83866882324219,-60.533687591552734,-0.7061553001403809
264,32.912,-33.346961975097656,-1.5681610107421875,25.891769409179688,41.7764892578125,-60.78118133544922,-0.4079122543334961
265,33.044,-33.60590362548828,-1.9661865234375,27.479045867919922,42.573055267333984,-60.645729064941406,-0.7447247505187988
266,33.112,-34.65858459472656,-1.600830078125,27.371829986572266,42.367435455322266,-60.81755828857422,-0.4468879699707031
267,33.444,-34.384822845458984,-4.50384521484375,24.07357406616211,55.01253128051758,-64.98152160644531,1.4193296432495117
268,33.445,-34.69127655029297,-2.9075164794921875,23.784652709960938,52.86293411254883,-65.20372009277344,5.167084693908691
269,33.576,-35.74882507324219,-0.09674072265625,22.784507751464844,52.1406364440918,-65.0609130859375,12.948259353637695
270,33.643,-33.88767623901367,-0.974151611328125,22.022701263427734,52.66629409790039,-64.21356964111328,7.995819091796875
271,33.975,-35.69749069213867,-1.6487350463867188,27.341697692871094,43.650901794433594,-61.80859375,10.333319664001465
272,33.977,-35.84828567504883,-0.47377777099609375,28.322345733642578,42.49676513671875,-61.70240020751953,5.286777019500732
273,34.108,-35.0692138671875,-1.1150360107421875,28.887222290039062,43.83116912841797,-62.14706039428711,2.8729567527770996
274,34.175,-34.6915283203125,-1.30389404296875,29.251346588134766,42.957115173339844,-62.52812576293945,13.155613899230957
275,34.439,-35.56121826171875,-6.477321624755859,23.216777801513672,49.00972366333008,-59.661155700683594,25.97906494140625
276,34.504,-35.25408935546875,-2.837249755859375,25.11075210571289,48.94965362548828,-61.542747497558594,28.016889572143555
277,34.572,-37.01710891723633,-2.9617462158203125,24.470184326171875,51.26485061645508,-66.17130279541016,29.16681480407715
278,34.703,-36.69470977783203,-0.42665863037109375,24.537487030029297,49.808616638183594,-65.458251953125,29.463294982910156
279,35.036,-37.581695556640625,-2.8552093505859375,22.221351623535156,47.47917556762695,-64.14720916748047,32.15310287475586
280,35.037,-37.07131576538086,-4.469093322753906,24.157493591308594,47.68644714355469,-63.86695861816406,21.842815399169922
281,35.168,-37.673160552978516,-3.868408203125,24.720657348632812,46.43122863769531,-64.04302215576172,28.477697372436523
282,35.236,-37.178314208984375,-2.892822265625,24.688579559326172,45.36174392700195,-63.09626770019531,27.92706871032715
283,35.567,-36.369903564453125,3.5448532104492188,21.85595703125,44.523399353027344,-65.0857162475586,27.445133209228516
284,35.568,-37.582542419433594,4.68780517578125,22.12580108642578,43.718109130859375,-65.64598083496094,27.745668411254883
285,35.699,-37.22509002685547,4.987274169921875,21.3994140625,43.079750061035156,-65.2373046875,27.504169464111328
286,35.767,-36.58739471435547,5.9568939208984375,20.997787475585938,42.74458312988281,-65.07351684570312,27.42791748046875
287,36.099,-35.815879821777344,0.824432373046875,22.970176696777344,44.578025817871094,-64.72593688964844,26.092060089111328
288,36.100,-36.18080139160156,-1.3733062744140625,24.96050262451172,44.451148986816406,-63.74394607543945,25.551029205322266
289,36.232,-36.170814514160156,0.6384811401367188,26.0108642578125,41.60063171386719,-63.87919616699219,25.766725540161133
290,36.300,-36.55500030517578,1.0808639526367188,26.00959014892578,42.07132339477539,-64.02223205566406,25.99912452697754
291,36.632,-35.90622329711914,4.729393005371094,23.034393310546875,40.35227966308594,-64.02642059326172,26.069198608398438
292,36.633,-36.277732849121094,3.8702545166015625,24.11032485961914,40.286903381347656,-64.07958984375,26.876651763916016
293,36.763,-37.07148742675781,3.6124343872070312,23.966583251953125,38.468631744384766,-63.87675476074219,34.42584991455078
294,36.896,-36.075443267822266,3.74688720703125,23.924728393554688,40.48828887939453,-64.00226593017578,33.5615119934082
295,37.160,-37.39885711669922,5.235313415527344,22.29943084716797,38.03053283691406,-64.50376892089844,37.32579040527344
296,37.161,-37.229095458984375,6.287803649902344,20.129318237304688,39.70526885986328,-64.24786376953125,34.757198333740234
297,37.292,-37.343719482421875,6.463104248046875,20.74877166748047,39.748191833496094,-64.42005920410156,32.78537368774414
298,37.360,-37.052696228027344,6.548011779785156,21.146453857421875,39.70207214355469,-64.21943664550781,26.420000076293945
299,37.692,-36.19065856933594,4.6750946044921875,23.908493041992188,40.34347915649414,-63.8531608581543,32.06742858886719
300,37.693,-36.29484939575195,4.649009704589844,23.39160919189453,42.127010345458984,-63.61753845214844,32.78101348876953
301,37.824,-36.04345703125,4.470252990722656,23.59947967529297,40.93162536621094,-63.711124420166016,32.42096710205078
302,37.892,-36.04579544067383,5.992317199707031,23.862445831298828,39.81409454345703,-63.7842903137207,32.502281188964844
303,38.223,-35.88043212890625,8.396888732910156,20.775497436523438,40.467010498046875,-63.84770202636719,25.868614196777344
304,38.225,-35.85822296142578,8.025306701660156,20.866798400878906,40.57988739013672,-63.911067962646484,28.314891815185547
305,38.356,-35.80670166015625,6.94970703125,21.525131225585938,40.915313720703125,-63.83929443359375,29.610279083251953
306,38.424,-36.324737548828125,6.938621520996094,21.49475860595703,40.63112258911133,-64.10118103027344,30.73672103881836
307,38.755,-35.90961456298828,7.32159423828125,20.791587829589844,39.94437789916992,-63.64338684082031,0.831151008605957
308,38.757,-35.329872131347656,7.19317626953125,21.030906677246094,39.306278228759766,-63.718284606933594,1.277376651763916
309,38.888,-34.94536590576172,6.4342498779296875,20.88055419921875,40.5223274230957,-63.7216911315918,1.6075773239135742
310,39.020,-34.56257629394531,6.274345397949219,20.792449951171875,41.22227096557617,-63.788330078125,2.1095452308654785
311,39.283,-31.791898727416992,0.6237869262695312,22.930801391601562,44.46950149536133,-63.391998291015625,1.5851044654846191
312,39.285,-31.237972259521484,1.5279464721679688,22.148029327392578,42.974910736083984,-63.331031799316406,1.596928596496582
313,39.420,-28.952905654907227,-0.437347412109375,21.157638549804688,43.05314254760742,-63.16432189941406,2.014242172241211
314,39.484,-28.78256607055664,-6.448886871337891,24.085506439208984,48.73442459106445,-61.75471496582031,3.1075944900512695
315,39.815,-31.9586238861084,-2.6081695556640625,15.713417053222656,42.170711517333984,-59.01498031616211,1.3790149688720703
316,39.817,-33.04711151123047,-1.6022415161132812,16.72289276123047,39.691280364990234,-58.95313262939453,1.998983383178711
317,39.948,-34.63568878173828,-2.6642227172851562,19.953712463378906,37.11067199707031,-59.406856536865234,1.3883037567138672
318,40.016,-34.613704681396484,-9.081539154052734,20.837356567382812,43.54719924926758,-57.33055114746094,3.8101892471313477
319,40.347,-37.55906295776367,-2.8291168212890625,16.455665588378906,46.31790542602539,-58.01230239868164,8.510592460632324
320,40.348,-35.463050842285156,-2.1015472412109375,18.528953552246094,45.58631134033203,-59.206424713134766,7.3866801261901855
321,40.480,-38.03093719482422,0.27519989013671875,17.80345916748047,42.46314239501953,-64.72836303710938,2.3972930908203125
322,40.548,-36.72032165527344,1.1450576782226562,17.549697875976562,42.33002853393555,-60.47306823730469,3.3152966499328613
323,40.880,-41.13275146484375,4.104972839355469,16.670913696289062,43.04097366333008,-61.64241027832031,1.1416211128234863
324,40.881,-39.41947937011719,3.8565826416015625,17.257972717285156,39.726097106933594,-60.26104736328125,0.9232702255249023
325,41.012,-37.75950622558594,4.864952087402344,14.839187622070312,42.961177825927734,-60.557464599609375,0.5576105117797852
326,41.144,-36.00599670410156,4.902793884277344,16.930389404296875,40.286903381347656,-59.22808837890625,0.4715418815612793
327,41.407,-36.170013427734375,2.84686279296875,19.50688934326172,38.311988830566406,-60.55567932128906,0.26400184631347656
328,41.409,-36.75531005859375,3.6213836669921875,18.081199645996094,41.07711410522461,-61.02262878417969,0.02114582061767578
329,41.544,-36.82332992553711,3.175079345703125,12.871566772460938,44.5880126953125,-61.19654083251953,0.08367156982421875
330,41.608,-36.728092193603516,2.9114990234375,15.273834228515625,42.040802001953125,-62.07838821411133,1.0017013549804688
331,41.940,-36.86809158325195,0.9893264770507812,14.062599182128906,55.3062744140625,-64.61903381347656,0.2419753074645996
332,41.941,-35.89421463012695,-6.655139923095703,25.744613647460938,55.10810089111328,-64.46073150634766,-0.04959297180175781
333,42.072,-37.5374755859375,-4.629219055175781,26.22498321533203,54.26084518432617,-65.86620330810547,3.188292980194092
334,42.140,-37.320579528808594,-5.025321960449219,23.935443878173828,56.852882385253906,-65.62120819091797,3.5651278495788574
335,42.472,-35.464881896972656,4.202537536621094,16.556716918945312,50.31686782836914,-64.74005126953125,18.448902130126953
336,42.475,-35.82286834716797,0.20847320556640625,20.459938049316406,45.124427795410156,-62.78779220581055,28.003923416137695
337,42.604,-34.61589813232422,0.6125030517578125,21.502540588378906,46.61129379272461,-63.82441329956055,28.594694137573242
338,42.672,-35.079742431640625,0.37518310546875,20.38971710205078,46.98552322387695,-63.50841522216797,11.62957763671875
339,43.004,-35.18339157104492,2.2688217163085938,18.163345336914062,52.190277099609375,-61.687686920166016,27.25200653076172
340,43.004,-35.514225006103516,0.572296142578125,18.482513427734375,56.26533889770508,-62.10271453857422,30.86210060119629
341,43.136,-36.4036865234375,0.20633697509765625,19.72015380859375,56.78632354736328,-64.38023376464844,30.707324981689453
342,43.267,-37.353294372558594,0.10834503173828125,21.093231201171875,55.4532356262207,-65.10934448242188,29.360868453979492
343,43.532,-41.49856948852539,-0.7392425537109375,22.24380111694336,42.3190803527832,-65.37196350097656,34.067481994628906
344,43.600,-44.24967575073242,-1.4619903564453125,23.030563354492188,43.065284729003906,-66.15766143798828,36.15681076049805
345,43.667,-43.47690200805664,-1.945587158203125,22.785247802734375,43.15338897705078,-65.36234283447266,37.86113739013672
346,43.732,-42.65949630737305,0.33881378173828125,22.60955047607422,39.15787887573242,-64.85582733154297,35.44927215576172
347,44.065,-42.74835205078125,3.6533126831054688,19.9586181640625,43.0841178894043,-64.95598602294922,36.42761993408203
348,44.131,-42.56977081298828,3.6812057495117188,20.77179718017578,44.033573150634766,-65.14142608642578,36.83283233642578
349,44.196,-42.4359245300293,4.7330474853515625,19.79973602294922,44.44770812988281,-65.2481460571289,36.539398193359375
350,44.331,-41.829322814941406,8.320968627929688,14.336715698242188,50.11593246459961,-69.12127685546875,34.84226608276367
351,44.596,-41.1341667175293,6.895683288574219,16.243194580078125,43.84132766723633,-69.25740051269531,35.18470001220703
352,44.597,-40.981361389160156,7.071319580078125,17.323211669921875,41.610504150390625,-67.78488159179688,34.97700119018555
353,44.728,-40.918704986572266,8.828056335449219,15.899742126464844,40.655662536621094,-67.05694580078125,34.8157958984375
354,44.796,-41.342308044433594,9.839042663574219,15.075546264648438,40.2586669921875,-67.40586853027344,34.88270568847656
355,45.128,-41.54895782470703,13.962890625,16.45281219482422,41.048255920410156,-67.52062225341797,33.894554138183594
356,45.129,-44.21095657348633,14.803413391113281,17.007347106933594,43.55503845214844,-69.34400939941406,33.605865478515625
357,45.260,-42.42058181762695,14.541206359863281,16.85700225830078,41.7401123046875,-67.96227264404297,33.7314453125
358,45.391,-42.74962615966797,15.070259094238281,16.76892852783203,42.50965881347656,-68.63340759277344,33.583160400390625
359,45.656,-40.48253631591797,12.251068115234375,15.020294189453125,41.52174758911133,-67.8268051147461,33.162689208984375
360,45.657,-40.422569274902344,12.216201782226562,14.193191528320312,41.59693908691406,-67.7990493774414,33.268531799316406
361,45.792,-40.47181701660156,12.5150146484375,14.951057434082031,41.99639129638672,-68.33382415771484,33.09299850463867
362,45.856,-39.69557189941406,13.157577514648438,14.570465087890625,41.459678649902344,-67.94662475585938,32.78629684448242
363,46.187,-40.39472961425781,13.997665405273438,15.263313293457031,38.879615783691406,-67.33369445800781,31.4130859375
364,46.189,-40.60094451904297,13.672775268554688,15.204521179199219,39.100868225097656,-67.0318374633789,31.46026039123535
365,46.320,-36.95726776123047,11.319992065429688,14.182914733886719,36.45466232299805,-62.930267333984375,28.487268447875977
366,46.389,-38.606407165527344,11.229515075683594,13.664794921875,37.856807708740234,-62.889102935791016,29.53486442565918
367,46.719,-38.94200897216797,12.56121826171875,13.981636047363281,39.64513397216797,-64.74433898925781,29.69502830505371
368,46.720,-38.97901153564453,13.155113220214844,14.02764892578125,39.924713134765625,-65.044189453125,29.687103271484375
369,46.852,-39.78999328613281,12.836860656738281,15.523727416992188,40.62052536010742,-66.5584487915039,29.609642028808594
370,46.920,-39.3048095703125,13.350242614746094,14.568115234375,40.265380859375,-65.74469757080078,29.59357261657715
371,47.252,-37.563568115234375,13.634742736816406,14.312545776367188,42.625614166259766,-64.4093017578125,29.525367736816406
372,47.252,-37.540061950683594,14.214927673339844,14.307701110839844,42.60717010498047,-64.27105712890625,28.889768600463867
373,47.384,-37.33024597167969,14.932266235351562,15.04400634765625,41.61204528808594,-64.21272277832031,29.0245361328125
374,47.516,-37.668270111083984,14.841804504394531,15.13507080078125,40.72310256958008,-64.04227447509766,29.379228591918945
375,47.584,-37.889976501464844,15.834297180175781,15.538703918457031,40.396366119384766,-64.23580932617188,29.489099502563477
376,47.779,-37.53509521484375,12.710441589355469,15.41448974609375,39.76961135864258,-64.42363739013672,28.02524757385254
377,47.780,-37.77893829345703,13.59454345703125,14.556159973144531,39.55644607543945,-64.19990539550781,28.15982437133789
378,47.915,-37.888526916503906,13.756881713867188,14.838882446289062,38.458805084228516,-64.39142608642578,28.214738845825195
379,47.979,-37.57643127441406,14.001365661621094,14.697715759277344,39.00038528442383,-64.30741882324219,28.157516479492188
380,48.311,-36.63435745239258,12.291275024414062,13.372795104980469,44.90195846557617,-63.325889587402344,28.391530990600586
381,48.313,-36.34226989746094,12.667198181152344,14.698440551757812,44.171043395996094,-63.619117736816406,28.127756118774414
382,48.444,-36.457427978515625,12.931015014648438,14.169692993164062,43.96147155761719,-63.637847900390625,27.779796600341797
383,48.512,-36.2540283203125,12.972312927246094,13.836311340332031,44.20204544067383,-63.813140869140625,27.924713134765625
384,48.912,-36.69908905029297,15.058349609375,14.067337036132812,40.962242126464844,-63.89753723144531,27.447147369384766
385,48.913,-36.98351287841797,15.243156433105469,14.776641845703125,38.769187927246094,-63.99447250366211,28.28477668762207
386,49.044,-36.998558044433594,14.612991333007812,15.599159240722656,37.67647171020508,-64.71930694580078,28.45298194885254
387,49.176,-36.66908645629883,14.508262634277344,15.538925170898438,39.05363082885742,-64.1986312866211,28.11965560913086
388,49.439,-35.23291778564453,15.230804443359375,14.771141052246094,40.54658508300781,-63.55225372314453,28.572946548461914
389,49.440,-34.80892562866211,15.747726440429688,14.615188598632812,39.699153900146484,-63.62816619873047,28.45293617248535
390,49.576,-34.67695617675781,17.218101501464844,13.90252685546875,39.416500091552734,-63.59587478637695,28.219482421875
391,49.640,-34.71212387084961,17.456626892089844,13.730415344238281,39.634246826171875,-63.57027816772461,28.23617935180664
392,49.971,-34.522178649902344,15.153724670410156,14.1673583984375,40.18266296386719,-63.31161117553711,10.367730140686035
393,49.972,-34.53831481933594,17.868270874023438,13.039360046386719,38.990787506103516,-63.47504806518555,8.630403518676758
394,50.104,-34.3106803894043,16.200057983398438,13.776237487792969,39.6929931640625,-63.741546630859375,10.63191032409668
395,50.172,-34.9119873046875,14.960708618164062,14.462211608886719,40.579689025878906,-63.790679931640625,22.009868621826172
396,50.503,-32.854835510253906,13.999519348144531,16.7431640625,39.2835578918457,-63.486087799072266,10.715046882629395
397,50.505,-33.112327575683594,13.671684265136719,17.30682373046875,39.0721321105957,-63.45182800292969,18.88995361328125
398,50.636,-33.05207824707031,14.729682922363281,16.461204528808594,39.4856071472168,-63.53562927246094,14.613187789916992
399,50.704,-32.52317428588867,13.841575622558594,16.525726318359375,39.53618621826172,-63.369232177734375,7.53736686706543
400,51.035,-34.00951385498047,12.210899353027344,17.700523376464844,37.1646614074707,-63.71587371826172,17.360008239746094
401,51.037,-34.00848388671875,13.49810791015625,18.18933868408203,37.838661193847656,-63.740867614746094,21.834701538085938
402,51.167,-34.041900634765625,13.904792785644531,17.875465393066406,38.84463882446289,-64.02651977539062,25.7895450592041
403,51.300,-32.33103561401367,10.850257873535156,17.231536865234375,40.09165954589844,-62.54513931274414,27.955425262451172
404,51.563,-34.00267028808594,12.90625,16.410552978515625,36.1529541015625,-63.44684982299805,31.49888038635254
405,51.565,-33.79143524169922,10.115821838378906,16.504928588867188,34.52644348144531,-61.97229766845703,29.730131149291992
406,51.700,-34.48596954345703,9.701881408691406,16.233367919921875,33.11208724975586,-61.360862731933594,28.919940948486328
407,51.764,-33.628990173339844,10.290428161621094,15.228866577148438,34.96250915527344,-61.573116302490234,29.678871154785156
408,52.096,-28.500574111938477,10.736625671386719,12.645652770996094,37.48588562011719,-55.70360565185547,30.906339645385742
409,52.164,-29.576854705810547,12.765144348144531,11.520599365234375,37.963653564453125,-57.426605224609375,30.373123168945312
410,52.227,-30.939002990722656,14.277534484863281,11.427993774414062,37.171104431152344,-58.507747650146484,22.873397827148438
411,52.296,-30.759700775146484,13.858238220214844,12.194778442382812,37.77456283569336,-58.15982437133789,28.631742477416992
412,52.627,-35.32411193847656,8.463005065917969,15.42218017578125,37.75569152832031,-60.37497329711914,28.391468048095703
413,52.628,-35.58660125732422,9.438125610351562,13.984260559082031,37.359378814697266,-60.23596954345703,29.19223403930664
414,52.760,-35.015411376953125,8.59356689453125,14.363975524902344,37.66340637207031,-59.52845001220703,36.47802734375
415,52.827,-34.7286376953125,7.608985900878906,14.223922729492188,38.64572525024414,-59.105167388916016,41.361900329589844
416,53.159,-38.15827178955078,11.352874755859375,10.104072570800781,39.08977127075195,-61.13995361328125,44.488067626953125
417,53.161,-37.09784698486328,10.046638488769531,12.491035461425781,35.97550964355469,-60.68843460083008,43.02857971191406
418,53.291,-36.825401306152344,9.968376159667969,12.038116455078125,36.05342102050781,-60.556915283203125,42.21339416503906
419,53.423,-36.89056396484375,9.88055419921875,12.302589416503906,37.591514587402344,-60.38748550415039,42.83415985107422
420,53.688,-36.144874572753906,10.493995666503906,14.592056274414062,36.7108154296875,-61.509437561035156,41.11328125
421,53.689,-35.762290954589844,10.417381286621094,14.670707702636719,39.41742706298828,-62.1920051574707,40.89555358886719
422,53.823,-35.153411865234375,11.287185668945312,15.068931579589844,39.265071868896484,-61.967193603515625,41.075706481933594
423,53.888,-34.81168746948242,11.640777587890625,15.487983703613281,36.475257873535156,-61.08308410644531,40.63286590576172
424,54.219,-35.80897903442383,16.192840576171875,11.66033935546875,32.21711730957031,-61.3780517578125,40.039161682128906
425,54.221,-35.99543762207031,16.023155212402344,11.219230651855469,33.27180480957031,-61.105621337890625,40.023719787597656
426,54.352,-36.56696319580078,16.30518341064453,10.192047119140625,34.4051628112793,-62.09120178222656,40.09063720703125
427,54.420,-36.64256286621094,15.049072265625,10.752944946289062,34.537269592285156,-61.322608947753906,40.13959503173828
428,54.751,-36.93711853027344,12.556350708007812,11.610572814941406,37.12815475463867,-59.5515251159668,40.5966796875
429,54.752,-36.43217086791992,11.718917846679688,13.008148193359375,35.05110168457031,-58.972076416015625,40.65068817138672
430,54.883,-36.28752899169922,13.159690856933594,13.733528137207031,33.83650207519531,-59.713050842285156,40.21783447265625
431,54.951,-35.99409103393555,13.77783203125,13.572555541992188,34.36248779296875,-60.34357452392578,39.66162872314453
432,55.283,-35.88985824584961,16.262245178222656,12.09686279296875,34.1429328918457,-60.35255432128906,39.921844482421875
433,55.285,-35.79560089111328,15.052764892578125,12.488510131835938,34.64719009399414,-60.48548889160156,40.715087890625
434,55.415,-35.56064987182617,15.528289794921875,12.140968322753906,33.752357482910156,-60.198936462402344,40.714019775390625
435,55.548,-35.86030197143555,16.195037841796875,11.715751647949219,34.108551025390625,-60.369903564453125,40.33131408691406
436,55.811,-35.64602279663086,14.250389099121094,13.260765075683594,33.125240325927734,-59.879600524902344,39.43415832519531
437,55.813,-35.738399505615234,13.169166564941406,14.286659240722656,33.04710006713867,-59.89241409301758,39.469879150390625
438,55.947,-35.710689544677734,14.254814147949219,14.094650268554688,32.88153839111328,-59.912696838378906,39.49186706542969
439,56.012,-35.75102233886719,13.842414855957031,14.665016174316406,32.09659194946289,-59.84846878051758,39.778419494628906
440,56.343,-35.673187255859375,11.402763366699219,12.150604248046875,36.5302734375,-59.219078063964844,38.97705078125
441,56.344,-36.08393859863281,11.504112243652344,8.649444580078125,39.169342041015625,-59.3192253112793,38.843780517578125
442,56.475,-35.5738639831543,13.278312683105469,10.918624877929688,36.11767578125,-59.83626937866211,38.65696334838867
443,56.543,-35.64284133911133,14.504417419433594,8.99688720703125,36.047645568847656,-59.79353713989258,38.99164581298828
444,56.676,-35.455665588378906,13.020767211914062,10.195945739746094,36.97704315185547,-60.24650573730469,39.23199462890625
445,56.875,-34.62171936035156,13.859794616699219,10.866348266601562,37.199214935302734,-59.751888275146484,38.72265625
446,56.877,-34.24024963378906,12.647315979003906,11.769569396972656,37.66597366333008,-59.72447204589844,39.05560302734375
447,57.007,-34.78363800048828,12.277488708496094,12.933502197265625,37.20567321777344,-59.74998092651367,38.66356658935547
448,57.076,-34.470909118652344,11.253494262695312,12.814506530761719,37.36046600341797,-59.717254638671875,39.0283203125
449,57.340,-33.96326446533203,14.391921997070312,12.276885986328125,36.419986724853516,-59.68455505371094,37.702552795410156
450,57.408,-34.025115966796875,14.379127502441406,13.422950744628906,34.127071380615234,-59.59477233886719,37.235755920410156
451,57.471,-34.30256271362305,14.431869506835938,13.985092163085938,34.29585266113281,-59.70212173461914,37.19242477416992
452,57.604,-34.513038635253906,15.33013916015625,14.03057861328125,33.98339080810547,-59.70101547241211,37.260780334472656
453,57.872,-34.54826354980469,15.760963439941406,11.2149658203125,35.31549072265625,-59.488670349121094,36.308895111083984
454,57.872,-34.72396469116211,15.122657775878906,11.556427001953125,36.01014709472656,-59.46348571777344,36.370147705078125
455,58.003,-34.70344924926758,14.503738403320312,12.140243530273438,35.86543655395508,-59.625953674316406,36.09326171875
456,58.072,-34.487911224365234,14.612815856933594,12.273338317871094,34.44789123535156,-59.61784362792969,36.14130783081055
457,58.404,-33.47753143310547,15.37506103515625,11.40692138671875,36.87886428833008,-59.83503723144531,35.49024200439453
458,58.405,-33.7208251953125,16.634010314941406,9.514869689941406,36.108924865722656,-60.220096588134766,35.87080383300781
459,58.535,-33.85655975341797,17.915298461914062,9.529075622558594,34.328155517578125,-60.24078369140625,35.831016540527344
460,58.668,-33.81172180175781,18.314956665039062,10.661849975585938,33.94190979003906,-60.03434753417969,35.79657745361328
461,58.931,-33.840576171875,16.068939208984375,12.386215209960938,35.312355041503906,-60.228206634521484,37.11286163330078
462,58.933,-33.587005615234375,15.789726257324219,12.502555847167969,35.58149337768555,-60.07670974731445,37.19137191772461
463,59.067,-35.02240753173828,16.19237518310547,12.215431213378906,34.948848724365234,-60.71384048461914,37.42504119873047
464,59.132,-34.80645751953125,16.397010803222656,12.627708435058594,34.42583465576172,-60.63126754760742,37.708038330078125
465,59.463,-32.89877700805664,14.913589477539062,12.101173400878906,35.4698371887207,-60.04637145996094,31.335155487060547
466,59.465,-32.875728607177734,13.547737121582031,12.158927917480469,35.73753356933594,-59.79907989501953,12.3010892868042
467,59.596,-33.34429931640625,14.912322998046875,12.076919555664062,35.06439971923828,-59.80915451049805,7.812932968139648
468,59.663,-33.53173828125,15.315292358398438,12.360214233398438,34.181236267089844,-59.80738830566406,9.578339576721191
469,59.995,-32.07650375366211,14.107833862304688,14.298820495605469,33.124813079833984,-59.64629364013672,1.5574088096618652
470,59.996,-31.769371032714844,14.376495361328125,15.09515380859375,32.310821533203125,-59.681819915771484,1.619077205657959
471,60.127,-31.079975128173828,12.059005737304688,16.58348846435547,31.5103702545166,-59.57522964477539,1.9756784439086914
472,60.195,-31.520729064941406,11.783218383789062,16.04901123046875,30.995603561401367,-59.39375305175781,1.6803269386291504
473,60.528,-31.935741424560547,8.793815612792969,18.894638061523438,32.737457275390625,-59.229881286621094,1.506199836730957
